{
  "version": "1.0.0.0",
  "designWidth": 720,
  "designHeight": 1280,
  "dataScale": 1.0,
  "textures": [],
  "texturesPng": [
    "images/common/bg.png"
  ],
  "nodeTree": {
    "options": {
      "$type": "EditorCommon.JsonModel.Component.GUI.RootGUISurrogate, EditorCommon",
      "scaleX": 1.0,
      "scaleY": 1.0,
      "visible": true,
      "width": 0.0,
      "height": 0.0,
      "frameEvent": null,
      "name": "Node",
      "classname": "Node"
    },
    "children": [
      {
        "options": {
          "$type": "EditorCommon.JsonModel.Component.GUI.PanelSurrogate, EditorCommon",
          "backGroundImage": null,
          "backGroundImageData": null,
          "clipAble": false,
          "bgColorR": 150,
          "bgColorG": 200,
          "bgColorB": 255,
          "bgStartColorR": 255,
          "bgStartColorG": 255,
          "bgStartColorB": 255,
          "bgEndColorR": 150,
          "bgEndColorG": 200,
          "bgEndColorB": 255,
          "colorType": 1,
          "bgColorOpacity": 100,
          "vectorX": 0.0,
          "vectorY": -0.5,
          "capInsetsX": 0.0,
          "capInsetsY": 0.0,
          "capInsetsWidth": 1.0,
          "capInsetsHeight": 1.0,
          "backGroundScale9Enable": false,
          "layoutType": 3,
          "adaptScreen": false,
          "x": 0.0,
          "y": 0.0,
          "scaleX": 1.0,
          "scaleY": 1.0,
          "rotation": 0.0,
          "flipX": false,
          "flipY": false,
          "colorR": 255,
          "colorG": 255,
          "colorB": 255,
          "opacity": 255,
          "touchAble": true,
          "visible": true,
          "ZOrder": 0,
          "classType": "Panel",
          "width": 720.0,
          "height": 1280.0,
          "positionType": 0,
          "positionPercentX": 0.0,
          "positionPercentY": 0.0,
          "sizeType": 0,
          "sizePercentX": 1.0,
          "sizePercentY": 1.0,
          "useMergedTexture": false,
          "actionTag": 636772242,
          "tag": 38,
          "anchorPointX": 0.0,
          "anchorPointY": 0.0,
          "ignoreSize": false,
          "layoutParameter": null,
          "customProperty": "",
          "frameEvent": "",
          "name": "Panel_1",
          "classname": "Panel"
        },
        "children": [
          {
            "options": {
              "$type": "EditorCommon.JsonModel.Component.GUI.ImageViewSurrogate, EditorCommon",
              "fileName": null,
              "fileNameData": {
                "resourceType": 0,
                "path": "images/common/bg.png",
                "plistFile": ""
              },
              "capInsetsX": 0.0,
              "capInsetsY": 0.0,
              "capInsetsWidth": 1.0,
              "capInsetsHeight": 1.0,
              "scale9Width": 720.0,
              "scale9Height": 1280.0,
              "scale9Enable": false,
              "x": 360.0,
              "y": 640.0,
              "scaleX": 1.0,
              "scaleY": 1.0,
              "rotation": 0.0,
              "flipX": false,
              "flipY": false,
              "colorR": 255,
              "colorG": 255,
              "colorB": 255,
              "opacity": 255,
              "touchAble": false,
              "visible": true,
              "ZOrder": 0,
              "classType": "ImageView",
              "width": 720.0,
              "height": 1280.0,
              "positionType": 0,
              "positionPercentX": 0.5,
              "positionPercentY": 0.5,
              "sizeType": 0,
              "sizePercentX": 0.111111112,
              "sizePercentY": 0.0625,
              "useMergedTexture": false,
              "actionTag": 953340848,
              "tag": 39,
              "anchorPointX": 0.5,
              "anchorPointY": 0.5,
              "ignoreSize": true,
              "layoutParameter": {
                "type": 2,
                "gravity": 0,
                "relativeName": "ImageView_2",
                "relativeToName": "Panel_1",
                "align": 5,
                "marginLeft": 0,
                "marginTop": 0,
                "marginRight": 0,
                "marginDown": 0,
                "layoutEageType": 0,
                "layoutNormalHorizontal": 0,
                "layoutNormalVertical": 0,
                "layoutParentHorizontal": 0,
                "layoutParentVertical": 0,
                "name": null,
                "classname": null
              },
              "customProperty": "",
              "frameEvent": "",
              "name": "ImageView_2",
              "classname": "ImageView"
            },
            "children": [],
            "name": null,
            "classname": "ImageView"
          }
        ],
        "name": null,
        "classname": "Panel"
      }
    ],
    "name": null,
    "classname": "Node"
  },
  "action": {
    "duration": 0,
    "speed": 1.0,
    "timelines": []
  },
  "name": null,
  "classname": null
}