{
  "version": "1.0.0.0",
  "designWidth": 720,
  "designHeight": 1280,
  "dataScale": 1.0,
  "textures": [],
  "texturesPng": [
    "images/common/bg.png",
    "images/launch/btn_update_confirm_nor.png",
    "images/launch/btn_update_confirm_sel.png",
    "images/launch/im_pack_btn_back_normal.png",
    "images/launch/im_pack_btn_back_selected.png"
  ],
  "nodeTree": {
    "options": {
      "$type": "EditorCommon.JsonModel.Component.GUI.RootGUISurrogate, EditorCommon",
      "scaleX": 1.0,
      "scaleY": 1.0,
      "visible": true,
      "width": 0.0,
      "height": 0.0,
      "frameEvent": null,
      "name": "Node",
      "classname": "Node"
    },
    "children": [
      {
        "options": {
          "$type": "EditorCommon.JsonModel.Component.GUI.PanelSurrogate, EditorCommon",
          "backGroundImage": null,
          "backGroundImageData": null,
          "clipAble": false,
          "bgColorR": 150,
          "bgColorG": 200,
          "bgColorB": 255,
          "bgStartColorR": 255,
          "bgStartColorG": 255,
          "bgStartColorB": 255,
          "bgEndColorR": 150,
          "bgEndColorG": 200,
          "bgEndColorB": 255,
          "colorType": 1,
          "bgColorOpacity": 100,
          "vectorX": 0.0,
          "vectorY": -0.5,
          "capInsetsX": 0.0,
          "capInsetsY": 0.0,
          "capInsetsWidth": 1.0,
          "capInsetsHeight": 1.0,
          "backGroundScale9Enable": false,
          "layoutType": 3,
          "adaptScreen": false,
          "x": 0.0,
          "y": 0.0,
          "scaleX": 1.0,
          "scaleY": 1.0,
          "rotation": 0.0,
          "flipX": false,
          "flipY": false,
          "colorR": 255,
          "colorG": 255,
          "colorB": 255,
          "opacity": 255,
          "touchAble": true,
          "visible": true,
          "ZOrder": 0,
          "classType": "Panel",
          "width": 720.0,
          "height": 1280.0,
          "positionType": 0,
          "positionPercentX": 0.0,
          "positionPercentY": 0.0,
          "sizeType": 0,
          "sizePercentX": 1.0,
          "sizePercentY": 1.0,
          "useMergedTexture": false,
          "actionTag": 706304572,
          "tag": 65,
          "anchorPointX": 0.0,
          "anchorPointY": 0.0,
          "ignoreSize": false,
          "layoutParameter": null,
          "customProperty": "",
          "frameEvent": "",
          "name": "Panel_5",
          "classname": "Panel"
        },
        "children": [
          {
            "options": {
              "$type": "EditorCommon.JsonModel.Component.GUI.ImageViewSurrogate, EditorCommon",
              "fileName": null,
              "fileNameData": {
                "resourceType": 0,
                "path": "images/common/bg.png",
                "plistFile": ""
              },
              "capInsetsX": 0.0,
              "capInsetsY": 0.0,
              "capInsetsWidth": 1.0,
              "capInsetsHeight": 1.0,
              "scale9Width": 720.0,
              "scale9Height": 1280.0,
              "scale9Enable": false,
              "x": 360.0,
              "y": 640.0,
              "scaleX": 1.0,
              "scaleY": 1.0,
              "rotation": 0.0,
              "flipX": false,
              "flipY": false,
              "colorR": 255,
              "colorG": 255,
              "colorB": 255,
              "opacity": 255,
              "touchAble": false,
              "visible": true,
              "ZOrder": 0,
              "classType": "ImageView",
              "width": 720.0,
              "height": 1280.0,
              "positionType": 1,
              "positionPercentX": 0.5,
              "positionPercentY": 0.5,
              "sizeType": 0,
              "sizePercentX": 0.111111112,
              "sizePercentY": 0.0625,
              "useMergedTexture": false,
              "actionTag": 925833350,
              "tag": 66,
              "anchorPointX": 0.5,
              "anchorPointY": 0.5,
              "ignoreSize": true,
              "layoutParameter": {
                "type": 2,
                "gravity": 0,
                "relativeName": "ImageView_6",
                "relativeToName": "Panel_5",
                "align": 5,
                "marginLeft": 0,
                "marginTop": 0,
                "marginRight": 0,
                "marginDown": 0,
                "layoutEageType": 0,
                "layoutNormalHorizontal": 0,
                "layoutNormalVertical": 0,
                "layoutParentHorizontal": 0,
                "layoutParentVertical": 0,
                "name": null,
                "classname": null
              },
              "customProperty": "",
              "frameEvent": "",
              "name": "ImageView_6",
              "classname": "ImageView"
            },
            "children": [],
            "name": null,
            "classname": "ImageView"
          },
          {
            "options": {
              "$type": "EditorCommon.JsonModel.Component.GUI.ButtonSurrogate, EditorCommon",
              "normal": null,
              "pressed": null,
              "disabled": null,
              "normalData": {
                "resourceType": 0,
                "path": "images/launch/btn_update_confirm_nor.png",
                "plistFile": ""
              },
              "pressedData": {
                "resourceType": 0,
                "path": "images/launch/btn_update_confirm_sel.png",
                "plistFile": ""
              },
              "disabledData": {
                "resourceType": 0,
                "path": null,
                "plistFile": null
              },
              "text": "",
              "fontName": "微软雅黑",
              "fontType": 0,
              "fontSize": 14,
              "textColorR": 255,
              "textColorG": 255,
              "textColorB": 255,
              "capInsetsX": 0.0,
              "capInsetsY": 0.0,
              "capInsetsWidth": 1.0,
              "capInsetsHeight": 1.0,
              "scale9Width": 284.0,
              "scale9Height": 104.0,
              "scale9Enable": false,
              "x": 360.0,
              "y": 640.0,
              "scaleX": 1.0,
              "scaleY": 1.0,
              "rotation": 0.0,
              "flipX": false,
              "flipY": false,
              "colorR": 255,
              "colorG": 255,
              "colorB": 255,
              "opacity": 255,
              "touchAble": true,
              "visible": true,
              "ZOrder": 0,
              "classType": "Button",
              "width": 284.0,
              "height": 104.0,
              "positionType": 0,
              "positionPercentX": 0.5,
              "positionPercentY": 0.5,
              "sizeType": 0,
              "sizePercentX": 0.143055558,
              "sizePercentY": 0.03125,
              "useMergedTexture": false,
              "actionTag": 63249961,
              "tag": 70,
              "anchorPointX": 0.5,
              "anchorPointY": 0.5,
              "ignoreSize": true,
              "layoutParameter": {
                "type": 2,
                "gravity": 0,
                "relativeName": "Button_10",
                "relativeToName": "Panel_5",
                "align": 5,
                "marginLeft": 0,
                "marginTop": 0,
                "marginRight": 0,
                "marginDown": 0,
                "layoutEageType": 0,
                "layoutNormalHorizontal": 0,
                "layoutNormalVertical": 0,
                "layoutParentHorizontal": 0,
                "layoutParentVertical": 0,
                "name": null,
                "classname": null
              },
              "customProperty": "",
              "frameEvent": "",
              "name": "Button_10",
              "classname": "Button"
            },
            "children": [],
            "name": null,
            "classname": "Button"
          },
          {
            "options": {
              "$type": "EditorCommon.JsonModel.Component.GUI.LabelBMFontSurrogate, EditorCommon",
              "fileNameData": {
                "resourceType": 0,
                "path": "fonts/futura-48.fnt",
                "plistFile": ""
              },
              "text": "0%",
              "x": 360.0,
              "y": 352.0,
              "scaleX": 1.0,
              "scaleY": 1.0,
              "rotation": 0.0,
              "flipX": false,
              "flipY": false,
              "colorR": 255,
              "colorG": 255,
              "colorB": 255,
              "opacity": 255,
              "touchAble": false,
              "visible": true,
              "ZOrder": 0,
              "classType": "LabelBMFont",
              "width": 67.0,
              "height": 62.0,
              "positionType": 0,
              "positionPercentX": 0.5,
              "positionPercentY": 0.275390625,
              "sizeType": 0,
              "sizePercentX": 0.3263889,
              "sizePercentY": 0.02890625,
              "useMergedTexture": false,
              "actionTag": 942285383,
              "tag": 71,
              "anchorPointX": 0.5,
              "anchorPointY": 0.5,
              "ignoreSize": true,
              "layoutParameter": {
                "type": 2,
                "gravity": 0,
                "relativeName": "LabelBMFont_11",
                "relativeToName": "Panel_5",
                "align": 8,
                "marginLeft": 0,
                "marginTop": 0,
                "marginRight": 0,
                "marginDown": 334,
                "layoutEageType": 0,
                "layoutNormalHorizontal": 0,
                "layoutNormalVertical": 0,
                "layoutParentHorizontal": 0,
                "layoutParentVertical": 0,
                "name": null,
                "classname": null
              },
              "customProperty": "",
              "frameEvent": "",
              "name": "LabelBMFont_11",
              "classname": "LabelBMFont"
            },
            "children": [],
            "name": null,
            "classname": "LabelBMFont"
          },
          {
            "options": {
              "$type": "EditorCommon.JsonModel.Component.GUI.ButtonSurrogate, EditorCommon",
              "normal": null,
              "pressed": null,
              "disabled": null,
              "normalData": {
                "resourceType": 0,
                "path": "images/launch/im_pack_btn_back_normal.png",
                "plistFile": ""
              },
              "pressedData": {
                "resourceType": 0,
                "path": "images/launch/im_pack_btn_back_selected.png",
                "plistFile": ""
              },
              "disabledData": {
                "resourceType": 0,
                "path": null,
                "plistFile": null
              },
              "text": "",
              "fontName": "微软雅黑",
              "fontType": 0,
              "fontSize": 14,
              "textColorR": 255,
              "textColorG": 255,
              "textColorB": 255,
              "capInsetsX": 0.0,
              "capInsetsY": 0.0,
              "capInsetsWidth": 1.0,
              "capInsetsHeight": 1.0,
              "scale9Width": 210.0,
              "scale9Height": 70.0,
              "scale9Enable": false,
              "x": 360.0,
              "y": 900.0,
              "scaleX": 1.0,
              "scaleY": 1.0,
              "rotation": 0.0,
              "flipX": false,
              "flipY": false,
              "colorR": 255,
              "colorG": 255,
              "colorB": 255,
              "opacity": 255,
              "touchAble": true,
              "visible": true,
              "ZOrder": 0,
              "classType": "Button",
              "width": 210.0,
              "height": 70.0,
              "positionType": 0,
              "positionPercentX": 0.5,
              "positionPercentY": 0.703125,
              "sizeType": 0,
              "sizePercentX": 0.143055558,
              "sizePercentY": 0.03125,
              "useMergedTexture": false,
              "actionTag": 975558909,
              "tag": 72,
              "anchorPointX": 0.5,
              "anchorPointY": 0.5,
              "ignoreSize": true,
              "layoutParameter": {
                "type": 2,
                "gravity": 0,
                "relativeName": "Button_12",
                "relativeToName": "Panel_5",
                "align": 2,
                "marginLeft": 0,
                "marginTop": 360,
                "marginRight": 0,
                "marginDown": 0,
                "layoutEageType": 0,
                "layoutNormalHorizontal": 0,
                "layoutNormalVertical": 0,
                "layoutParentHorizontal": 0,
                "layoutParentVertical": 0,
                "name": null,
                "classname": null
              },
              "customProperty": "",
              "frameEvent": "",
              "name": "Button_12",
              "classname": "Button"
            },
            "children": [],
            "name": null,
            "classname": "Button"
          }
        ],
        "name": null,
        "classname": "Panel"
      }
    ],
    "name": null,
    "classname": "Node"
  },
  "action": {
    "duration": 0,
    "speed": 1.0,
    "timelines": []
  },
  "name": null,
  "classname": null
}